userId,transactionsPerDay,averageAmount,numberOfMerchant,numberOfPresentationMode,geographicDispersion
147,0.10252216632470065,206.18,10,3,0.08049283052808794
39,0.07642035589914997,156.636,100,10,0.09527316846828589
609,0.11486140695013611,204.918,10,3,0.09335717223478379
522,0.0751449593230942,214.468,10,3,0.08674141490939583
762,0.17047682367582126,19.284,10,3,0.0314335497720804
297,0.08121751369953333,193.514,10,3,0.06445231205553693
129,0.10083418581401653,28.146,10,3,0.039795490324362796
324,0.0970032921165896,27.446,10,3,0.03224571454959493
180,0.11165858279204767,22.143,10,3,0.029279399737524955
930,0.08457258600767707,213.085,10,3,0.07060197591216394
723,0.11634106384692554,201.791,10,3,0.0817427272352841
369,0.08350453212149701,140.342,100,10,0.06484889055775417
582,0.05266058461294287,113.485,100,10,0.06911793205563393
66,0.04991023609378646,105.637,100,10,0.12363512956219348
408,0.08771009766153916,188.251,10,3,0.09013564669800297
906,0.11191712164085423,219.851,10,3,0.06628657055476175
744,0.0566901391400413,127.297,100,10,0.07650340221773157
138,0.050140751007472194,195.673,100,10,0.07731623836997618
171,0.1313447974234529,26.364,10,3,0.028661655443783168
729,0.05578785428677359,177.767,100,10,0.0848327120108123
996,0.11994183820362443,203.2,10,3,0.07080902704768281
933,0.1431405839340599,26.867,10,3,0.021643701020864305
480,0.13866155775860525,34.535,10,3,0.019677949463601463
24,0.08151051205413114,211.18,10,3,0.07288866322997785
399,0.05945143663983783,146.584,100,10,0.06537994399690326
732,0.13757601194083352,40.933,10,3,0.036548401009183266
828,0.08328922571154593,188.784,10,3,0.06600580778435065
912,0.06288072038249294,153.07,100,10,0.12131516883465937
303,0.06167684962875676,196.801,100,10,0.11654115893112482
909,0.08034562455862215,210.473,10,3,0.08486437636126172
624,0.0841037489830163,189.412,10,3,0.07270150707563686
204,0.09845586336459375,23.325,10,3,0.03729201168531662
195,0.09555850061545647,200.428,10,3,0.09243320213903723
201,0.1391160661763534,31.748,10,3,0.038233329966418615
291,0.08697609661304812,192.936,10,3,0.07184271232937084
990,0.10667643348679924,205.018,10,3,0.08719409385737371
63,0.07372558416005824,206.74,10,3,0.06727988234990263
318,0.12647360412444475,39.891,10,3,0.019194314370767403
288,0.08673860147859198,198.574,10,3,0.09440496715954594
390,0.12535976729744974,197.24,10,3,0.08009854673948595
543,0.10274989398565626,22.719,10,3,0.03264721022451371
12,0.10459074947116302,29.356,10,3,0.04249940999717667
861,0.06440728879396368,139.949,100,10,0.10074939653449375
576,0.05542401973095103,128.283,100,10,0.06744866700072835
795,0.07361505542395728,146.877,100,10,0.07782254300974915
309,0.1181594693326944,219.333,10,3,0.09563780203306856
447,0.07231305405797508,194.075,10,3,0.06443626906898575
810,0.08907441109288179,192.606,100,10,0.12573906185852135
228,0.12437589643495495,187.789,10,3,0.08135161728302993
957,0.0915936260504485,198.63,10,3,0.06998788722381372
981,0.10085602249481519,32.216,10,3,0.02542570650468496
192,0.04826211961531739,109.978,100,10,0.10208344660779144
330,0.052548793470578864,177.027,100,10,0.10879999316181377
450,0.1053392593494262,184.766,10,3,0.0783434945823225
492,0.11775657050997672,24.685,10,3,0.019931745644141973
21,0.05566594894960867,100.438,100,10,0.12433179070203614
321,0.09719606890499313,37.877,10,3,0.03411648015672461
954,0.06596607035171459,101.212,100,10,0.08830794532545776
420,0.08981755248292203,195.311,10,3,0.09204182861624348
300,0.07819827694441102,218.151,10,3,0.08969726747038402
366,0.05022016660540271,161.256,100,10,0.0922406709844594
429,0.10285687102112659,39.444,10,3,0.03987115576748029
801,0.058959374411557804,163.63,100,10,0.11730409721829943
681,0.07513367141050581,196.298,10,3,0.07808603039645977
945,0.09960231699889918,42.045,10,3,0.039224410722659205
255,0.08938878185685827,211.672,10,3,0.08677313656167052
411,0.10065187466213472,29.419,10,3,0.03156289064836652
93,0.08252176425572073,198.519,10,3,0.07681710899908764
489,0.04834417345110556,137.561,100,10,0.08399388892120299
621,0.07336269369470573,149.311,100,10,0.10856411405094539
126,0.0551338707813687,146.766,100,10,0.11846269772730539
528,0.12847277982977356,31.159,10,3,0.032965164703031485
696,0.10580577601078867,46.808,10,3,0.022567294608224514
186,0.06295566347399843,124.747,100,10,0.1255315402630995
558,0.057584491344791024,138.408,100,10,0.10819023293068196
453,0.10369290022633136,202.921,10,3,0.07658646058214685
846,0.07495460171545057,142.322,100,10,0.07902442390245472
858,0.1317856934000352,199.601,10,3,0.06615786867471728
897,0.11935476812352423,30.769,10,3,0.04015553381445378
165,0.13121523992114328,198.913,10,3,0.0894630253743801
198,0.06901962889487591,183.258,100,10,0.09021673131815791
525,0.10617354168612875,204.976,10,3,0.09340015064432984
738,0.06350692377621166,125.668,100,10,0.08250504217484049
855,0.07846573763596573,212.668,10,3,0.0900052662852942
363,0.05547676869858936,189.715,100,10,0.07920634635810787
168,0.07832720078492558,149.443,100,10,0.10944341894674207
636,0.0834129714816843,190.506,10,3,0.08033585330488784
381,0.12374149953901994,46.294,10,3,0.026128560409467996
630,0.059298628179770545,118.303,100,10,0.1249873003731759
96,0.1674570289564601,40.581,10,3,0.03440967174956749
645,0.07621468745944479,154.4,100,10,0.08622970917141484
81,0.07751476467863186,103.265,100,10,0.11600545114610149
783,0.12078620749007016,23.507,10,3,0.04074362755699516
387,0.08197630759468932,189.468,10,3,0.08329733178519885
822,0.06255221100563582,123.373,100,10,0.08411600564233428
231,0.1153558411271291,24.619,10,3,0.028534969445671386
216,0.11523893232089528,47.143,10,3,0.026709823193752133
918,0.11132615269340483,32.578,10,3,0.027821966716664977
345,0.13726795400494032,30.972,10,3,0.04238760622022184
375,0.13122158915905552,209.134,10,3,0.08161731207319563
711,0.15847806470989545,30.142,10,3,0.02737162290716957
885,0.11072316993053967,31.453,10,3,0.020485276128119803
222,0.12712663437179314,21.385,10,3,0.0338385515162328
633,0.11774754827526826,212.558,10,3,0.09419828509896794
30,0.08668059375002822,122.609,100,10,0.11091088317282356
246,0.10777077425742382,186.811,10,3,0.09260992161010943
354,0.11198504377526468,43.837,10,3,0.03747727511989002
591,0.11681011056401437,30.03,10,3,0.022081111408503492
894,0.049637316672843754,149.011,100,10,0.08410026965688544
57,0.07015837424727737,193.415,100,10,0.09009597617289748
336,0.09074585721530079,204.344,10,3,0.0903055126894462
834,0.07447326071190541,109.773,100,10,0.07468182224650009
603,0.06822355019152103,119.339,100,10,0.07186159631608365
741,0.08320120327429091,201.683,10,3,0.08569986346757184
654,0.0777203708492262,212.942,10,3,0.09287396614579455
252,0.1310801266416079,23.69,10,3,0.02493674063986982
414,0.06766320470699083,123.942,100,10,0.08429176899755796
771,0.06812517622658433,147.995,100,10,0.09756169561058066
72,0.11101703787731723,19.327,10,3,0.03594720894536482
963,0.0844930344587825,172.765,100,10,0.12452475555174786
546,0.0495479847458271,128.536,100,10,0.08257320319390275
852,0.1277139208173691,198.078,10,3,0.06910563812761703
9,0.08998668197106828,194.09,10,3,0.08350413711106931
78,0.12164177881503675,36.88,10,3,0.038791460674405
144,0.08464566940705062,122.863,100,10,0.12481453825440812
435,0.06078868506433406,181.817,100,10,0.07223876192017606
651,0.05662966652047823,123.178,100,10,0.11030770326854628
693,0.08727457855166625,124.634,100,10,0.10948244301609276
423,0.10660903461225184,40.081,10,3,0.04311264145389859
849,0.09948794796780322,190.572,10,3,0.0745410092930294
975,0.1399296969880716,41.1,10,3,0.023814364076740705
84,0.05713660839314558,100.997,100,10,0.08320618456249781
519,0.11183971753015343,49.223,10,3,0.025247092817746064
915,0.06435234194260414,189.982,100,10,0.11527457726887051
735,0.08027332174127105,196.443,10,3,0.08207491278457156
15,0.09899462026110518,204.884,10,3,0.08840321649563111
942,0.06340339378993698,178.619,100,10,0.09466484307877926
441,0.11201507100549785,184.656,10,3,0.06622094784496045
699,0.06289892221823183,108.471,100,10,0.10420088087825427
717,0.06351610327294951,164.571,100,10,0.1195995125978647
708,0.09788276852710089,32.628,10,3,0.03934737737081383
831,0.1351291370043353,36.368,10,3,0.031543554480287825
243,0.06949533932402463,103.566,100,10,0.08985852917929674
756,0.06087381572422234,127.197,100,10,0.07009718444200287
903,0.10267582468473709,26.995,10,3,0.027812126433237407
585,0.04958988305775765,109.093,100,10,0.12447545454536714
351,0.13340491495205067,29.553,10,3,0.02553332329889879
774,0.09654541724381606,20.857,10,3,0.038032529929519096
507,0.08120870128676315,127.93,100,10,0.06949894987509067
501,0.06707405460051624,151.879,100,10,0.09859028054179078
891,0.09274638269785315,212.856,10,3,0.08770036056965391
804,0.11035478065722862,207.76,10,3,0.06632391279196176
984,0.10094493572927073,38.917,10,3,0.023479101742840073
237,0.11335282057240341,22.131,10,3,0.043523867955659185
438,0.06347816434902305,185.24,100,10,0.11930521338026631
759,0.13474193550801827,21.076,10,3,0.0223248698790725
813,0.11355315225916363,43.878,10,3,0.02413908101894389
141,0.060415865055123814,123.897,100,10,0.110791751278272
948,0.06631548625484904,155.213,100,10,0.1128967583809838
579,0.13009728385781813,28.324,10,3,0.031015257805970396
987,0.11645817687635554,24.616,10,3,0.02401671268154621
768,0.0764569590327685,163.63,100,10,0.11436652278533653
882,0.11695008789530044,33.986,10,3,0.02606339050707677
174,0.04973065497379246,106.088,100,10,0.11856760335737904
879,0.13720052056164175,204.418,10,3,0.07108266788286655
675,0.1505878258527088,45.403,10,3,0.02061845745558368
372,0.061740254547351964,128.72,100,10,0.120669236762152
618,0.17270490177288778,42.584,10,3,0.03446077330833657
819,0.07892444831125522,189.545,100,10,0.10042766048814714
615,0.04924373927409804,138.987,100,10,0.12267920273209083
669,0.08349922522576537,207.127,10,3,0.08236567919596367
786,0.07253703519376052,188.573,100,10,0.08062017559333881
684,0.07222853469520235,194.294,10,3,0.08145548177219611
267,0.051825452595456456,176.446,100,10,0.06744789024971794
327,0.0784492671857829,168.992,100,10,0.12407972907410587
474,0.13825533860028566,38.098,10,3,0.0197237813200449
150,0.1588346478371133,21.003,10,3,0.03734609135018898
807,0.09903062088691962,207.158,10,3,0.07457154765454566
600,0.1096754042166994,45.485,10,3,0.04503701230949047
153,0.08228696504758301,128.705,100,10,0.11764594923215223
876,0.11669819003538467,195.612,10,3,0.09296508293938731
417,0.04995482037478118,110.801,100,10,0.103853823308089
513,0.17556049211068941,39.312,10,3,0.02040158676491458
105,0.09008834288123792,125.824,100,10,0.09973716613081468
672,0.05435440704022437,165.483,100,10,0.09622083817588821
639,0.14876564802832828,20.54,10,3,0.03668152503351568
510,0.14394744478790794,45.007,10,3,0.03088174170046036
111,0.07226680543231584,106.266,100,10,0.08861606753992861
459,0.13407289431536515,31.548,10,3,0.031250651782941764
396,0.1073340219108989,29.152,10,3,0.04174682883974679
798,0.11431834037714256,37.283,10,3,0.030774594255760127
270,0.10484470642353665,209.224,10,3,0.06928347071120275
279,0.04840431966871546,181.029,100,10,0.07985888621306315
495,0.13679507195753274,210.527,10,3,0.08844875739400934
552,0.11358166123117946,44.386,10,3,0.03562040396544249
90,0.06427140529025971,139.326,100,10,0.12338230981242647
402,0.14971210051171388,36.918,10,3,0.028495287883600416
18,0.13317708455200386,25.971,10,3,0.04112964605521874
597,0.06665899471014586,107.066,100,10,0.10287410283194078
969,0.10449015227480504,44.154,10,3,0.04279058796150349
342,0.06581431341571305,165.279,100,10,0.11572003598637096
612,0.05254443124265609,102.523,100,10,0.11494579650345368
339,0.07159316824180752,205.153,10,3,0.07489224429735244
462,0.09420219506814875,202.736,10,3,0.07185096244218275
816,0.1060108131029365,45.372,10,3,0.02745144222947556
588,0.08962637006977164,130.537,100,10,0.10150140960091723
888,0.10164387079341723,202.862,10,3,0.06811060677727278
483,0.08134013751115109,216.076,10,3,0.08601732006985761
99,0.12782034708195025,197.772,10,3,0.0760389593571296
162,0.14014237102400764,214.105,10,3,0.07418481058100361
657,0.13302419987329445,20.174,10,3,0.026419909299938215
726,0.07289466538615037,101.146,100,10,0.08395560342447247
864,0.07357484002070723,198.034,10,3,0.06861674081681811
120,0.07612945581343293,115.882,100,10,0.07714691694119409
504,0.11331688192546158,202.345,10,3,0.09209560946288077
837,0.09344929525603354,201.491,10,3,0.08645073265550243
261,0.12276976780826636,20.266,10,3,0.04512564506058482
666,0.11677417188866167,218.106,10,3,0.08967434604056772
333,0.07235631869139578,158.779,100,10,0.0792676964266095
606,0.07797927116024383,202.003,10,3,0.0657684399119645
213,0.10308690147047023,212.028,10,3,0.0663561903226073
471,0.06850433998780052,199.61,100,10,0.09063332774920356
393,0.08417194504647518,204.785,10,3,0.06701854144469416
627,0.1725224872279446,49.943,10,3,0.03434487587447633
678,0.16588999811184926,32.473,10,3,0.034676537585026264
33,0.05406992187121581,115.659,100,10,0.07185060576701906
972,0.1212164270481662,195.634,10,3,0.0678132237336168
561,0.05938740897848543,142.484,100,10,0.094136710408133
594,0.05401562672081033,164.096,100,10,0.12679085183429586
825,0.12575111182758195,38.603,10,3,0.029213911656460808
264,0.12945761216153576,36.853,10,3,0.028464321086306834
444,0.1052706376505699,36.37,10,3,0.03594775530381836
705,0.04903900075135241,151.653,100,10,0.08913205001908338
6,0.0569546446433603,190.523,100,10,0.08053280381216439
69,0.11640908999780764,29.455,10,3,0.036388731378523845
3,0.062000866117654735,132.087,100,10,0.09514700986787313
135,0.0976258081416941,21.588,10,3,0.022877770631949734
378,0.06208627206557966,161.383,100,10,0.08996533531772195
405,0.11548681381183798,194.888,10,3,0.09401395895413685
60,0.07879870929903021,211.549,10,3,0.08244256822120187
123,0.10120752525742731,217.236,10,3,0.0709575906233523
114,0.06670677411460307,192.285,100,10,0.0942642145910782
498,0.085048151132927,194.991,10,3,0.08894658119396498
516,0.1344896831002786,198.698,10,3,0.07823982106556357
282,0.12539514710331115,28.389,10,3,0.03551032190236496
780,0.05104652646289153,138.368,100,10,0.10610540695078834
87,0.11046618802587947,29.145,10,3,0.03355073929856345
360,0.08621034930098673,160.725,100,10,0.09552011387813926
993,0.14299660710758677,205.216,10,3,0.06473678149074023
177,0.08516720806987685,207.068,10,3,0.09101739319538292
225,0.0977901862658573,205.961,10,3,0.0773417071804021
312,0.0669188920257636,170.167,100,10,0.09584053696340532
189,0.1716819658348119,29.714,10,3,0.0328159334015814
570,0.16122552898767833,48.165,10,3,0.022350386364310883
789,0.13994383975963867,20.745,10,3,0.031368860004475536
306,0.10340954185695099,45.965,10,3,0.03721513943267077
840,0.06980417360123464,170.703,100,10,0.10703705431416478
867,0.0687886303094552,182.956,100,10,0.07659973298304618
465,0.10699785276114647,28.849,10,3,0.02042376259369636
690,0.060261038263373964,133.63,100,10,0.10670811821891195
936,0.05503060561525421,174.948,100,10,0.08883745004184283
477,0.07492844333661354,201.345,100,10,0.09273807906315343
927,0.11956098203737393,19.291,10,3,0.020542459052607293
156,0.059762612940963,193.169,100,10,0.07662304021967647
750,0.09073102554349302,199.558,100,10,0.0689481502019285
54,0.10430089068614776,31.956,10,3,0.03617692355282245
648,0.07201004180032905,117.217,100,10,0.07447120129876598
702,0.10544321297185838,216.95,10,3,0.09438974949236328
456,0.1231760218712713,23.667,10,3,0.0358718422101221
720,0.16065855727723016,36.58,10,3,0.026409906774930575
765,0.12384212983694894,38.342,10,3,0.022969992393157123
426,0.05407909608593529,163.029,100,10,0.08492875282975883
294,0.08042404471174766,210.049,10,3,0.0859614505534716
36,0.1184586359718404,212.994,10,3,0.08856309045689453
531,0.11310002212519182,209.721,10,3,0.07888759833077284
939,0.08997741004649021,178.938,100,10,0.09511336936049877
75,0.12365603493832569,207.065,10,3,0.09047503700001434
51,0.05408090164881027,178.72,100,10,0.08147443421812896
549,0.08504000453074247,185.833,100,10,0.09609092670776678
219,0.09024883861025813,198.891,10,3,0.08904177624353898
567,0.13955608759160307,48.932,10,3,0.03491553682791469
978,0.06051845403087576,127.466,100,10,0.08602159180104513
45,0.07728883228436108,193.577,10,3,0.06336768515795752
132,0.08169618064114822,198.386,10,3,0.06764980749569803
843,0.12548812921512664,33.099,10,3,0.033144553802786345
285,0.08333320794771952,209.626,10,3,0.07795853169208442
924,0.04823593482012117,136.317,100,10,0.10915998873939477
792,0.1779139808142011,48.096,10,3,0.02878531558728407
873,0.0709198656245846,162.01,100,10,0.07877684083619242
183,0.17855165592401537,25.357,10,3,0.032319520861869976
273,0.05157674404610961,109.346,100,10,0.06870385904840955
951,0.10271263351839915,213.226,10,3,0.06726972001784802
432,0.06744822610931138,178.165,100,10,0.07427930533112623
108,0.08653511246319553,193.865,10,3,0.0753784883524433
660,0.08724881580938848,157.124,100,10,0.1245322750748125
999,0.11259186792723688,32.148,10,3,0.04164944632930524
714,0.0778554668405727,207.274,10,3,0.0856479082908388
555,0.08008424862955829,216.058,10,3,0.09047859721617726
159,0.17862292885783662,21.999,10,3,0.02298671158837305
540,0.052234764651733594,111.135,100,10,0.10583235524225515
564,0.07797097855202478,184.685,10,3,0.07861591785922353
687,0.06272238406387996,107.657,100,10,0.09364788678969041
663,0.0831120331159896,113.423,100,10,0.10224338852739717
966,0.0637158274097525,148.177,100,10,0.07132275881085319
486,0.08330075541058653,196.675,10,3,0.08774284833227274
747,0.0758908078840009,109.583,100,10,0.1190265722171099
870,0.07404634097692114,186.677,10,3,0.08013008395104056
276,0.09886590508337588,43.174,10,3,0.028058245152196657
921,0.0732656606239965,198.673,10,3,0.09366688064284226
753,0.06765992374444678,161.423,100,10,0.0709926974606303
48,0.09171563846536043,147.107,100,10,0.12580976403271435
207,0.12261865419725781,197.407,10,3,0.0833171957852801
117,0.08778956305244555,196.901,10,3,0.08834994048246227
240,0.05829642778113027,96.277,100,10,0.06983452395149549
27,0.1526805617287511,25.359,10,3,0.029611749281817135
42,0.09055224987440591,214.072,10,3,0.07193443342489161
102,0.14610783935524235,20.047,10,3,0.03446168085988245
210,0.08327662522864204,195.948,10,3,0.09160368828663686
258,0.08179089340192863,169.483,100,10,0.11848057341597773
537,0.11764016764704224,206.646,10,3,0.0910831674624753
777,0.09180080474880463,135.728,100,10,0.0798007589508618
249,0.143475182131282,25.4,10,3,0.03158432865901164
642,0.1084213334333219,210.093,10,3,0.06893315400119139
468,0.09698512315561574,195.382,10,3,0.06389674914047393
900,0.07064508380861775,132.411,100,10,0.11218249996213825
960,0.05778968887476252,180.406,100,10,0.08690760969147562
357,0.0728969606523468,106.831,100,10,0.07615522750569864
573,0.10726786730696644,26.226,10,3,0.038474717501713086
234,0.06601259795421457,155.81,100,10,0.12491026221139707
534,0.06698309356021748,136.44,100,10,0.11988542166311826
384,0.13310990589129654,23.652,10,3,0.027813190052672954
348,0.07208823600086506,211.191,10,3,0.07451852738773805
315,0.05125316479394484,112.136,100,10,0.08580831206378468
451,0.07221338332639116,212.872,10,3,0.08582691604948701
19,0.10653875702415944,44.824,10,3,0.03986486470673047
454,0.12353134951136488,19.741,10,3,0.02107577678731769
574,0.07720302863192266,197.297,10,3,0.07306028209849895
778,0.14484049490790105,42.535,10,3,0.02376156799674862
751,0.1294408201514188,192.267,10,3,0.08075940127114288
769,0.13316405469380638,23.757,10,3,0.03617318407110022
772,0.11620468713219502,49.067,10,3,0.022728234813934826
340,0.090633551181144,200.804,10,3,0.07042150133144623
130,0.08222068007693571,189.938,100,10,0.0852263882731241
373,0.09907854203723647,41.881,10,3,0.0205751090508231
529,0.07167267804662886,116.067,100,10,0.066121381136178
586,0.125264784963424,29.208,10,3,0.02845079998431043
667,0.10755597130585945,20.558,10,3,0.030625096384949917
307,0.08473386945158651,215.265,10,3,0.0920047457211517
904,0.08942580251118831,210.446,10,3,0.07865432297199974
346,0.05074264325053426,108.961,100,10,0.08520618111470026
952,0.05647176417673638,114.629,100,10,0.10364171259441955
235,0.12725029780104416,21.725,10,3,0.033547870591621426
466,0.10529613990932102,47.134,10,3,0.020023321034989824
520,0.15345780395275332,21.65,10,3,0.038082310041055244
37,0.05014385890075259,172.681,100,10,0.06612298562278111
514,0.07875401953132499,196.881,10,3,0.06787648540291606
679,0.13376458788756082,41.75,10,3,0.04441548124771248
1,0.13316138253325843,42.757,10,3,0.04097708692916803
226,0.07388415303439907,200.604,10,3,0.07290221207766388
703,0.08009470754196239,146.663,100,10,0.12263692586372872
247,0.08066256228662232,219.162,10,3,0.09317933881732919
931,0.07681979697381214,117.458,100,10,0.06966476500265747
964,0.07500579341623105,189.348,10,3,0.08485508311070107
535,0.055713149398176114,192.72,100,10,0.08089647184190045
934,0.051560920946796006,186.035,100,10,0.08462262537124936
211,0.07410131316789598,122.872,100,10,0.09382360022087695
628,0.08950854772443476,216.235,10,3,0.08788965860687897
712,0.049665261312220356,113.318,100,10,0.09844364445608948
859,0.08066452330571731,203.794,10,3,0.0956248081547463
94,0.049857775501862656,117.204,100,10,0.069361842771821
100,0.1105105680335289,195.171,10,3,0.06455730808789302
160,0.053602353619789274,145.598,100,10,0.12758479508352719
217,0.10518120420645931,200.333,10,3,0.08501387216723454
781,0.05273667064169322,165.279,100,10,0.10998439129473943
967,0.09712133705865603,222.254,10,3,0.09075658889224521
112,0.0918408698759013,187.539,10,3,0.08360561269145284
139,0.0530941833662929,125.552,100,10,0.06618997434952263
331,0.048128583532337225,176.969,100,10,0.12460177265306886
367,0.10964676836709007,214.316,10,3,0.09313461109166701
403,0.07584753696974868,211.716,10,3,0.0726059620255002
676,0.07031565527769532,200.242,100,10,0.10013958522951934
577,0.149713797124497,36.883,10,3,0.028111925292991672
355,0.07890850252266099,190.36,10,3,0.09146736241360665
715,0.07743422137658795,197.175,10,3,0.07135851779661494
184,0.08447426881507415,218.025,10,3,0.08562712552725123
283,0.06570396367373857,136.164,100,10,0.10898553238551405
22,0.18469385582541095,27.686,10,3,0.03569959791929131
697,0.10264351238115985,214.126,10,3,0.07536177694563427
460,0.11943547825905207,25.759,10,3,0.022973173639019153
775,0.08672548421126425,122.215,100,10,0.09456791906420207
742,0.0974217865423709,23.967,10,3,0.021434250017789893
721,0.10417219780043298,198.703,10,3,0.06459778656998312
799,0.07164292806438072,202.329,10,3,0.0690101489877202
985,0.05975330102754515,127.719,100,10,0.067795620589063
544,0.13556153825443057,206.572,10,3,0.09487316587821111
850,0.13416455730168242,34.936,10,3,0.02288042107687833
637,0.0891221137586843,205.204,10,3,0.0844774140569191
646,0.14449483701885477,26.813,10,3,0.0364939748262135
886,0.13634130014685095,21.812,10,3,0.03895528177296661
808,0.0983881493113957,186.738,10,3,0.0779658911940644
532,0.055772670903246536,114.025,100,10,0.0827792166432205
565,0.055134005881420076,146.55,100,10,0.0780306249180984
118,0.13929833301491412,216.374,10,3,0.07269155251471787
40,0.16185445642641996,19.332,10,3,0.02641996047836245
832,0.09443044017700461,209.344,10,3,0.07777305265546158
58,0.04955543270702608,182.94,100,10,0.09574815260612847
136,0.04953047517267734,139.216,100,10,0.10304950015475361
658,0.15440142160820017,29.875,10,3,0.019511931870155597
787,0.150192763024294,35.822,10,3,0.04102104785082458
547,0.16406130104941127,36.121,10,3,0.037958259934234996
31,0.15648200630796355,214.077,10,3,0.09076602663073607
841,0.09799595548914818,19.405,10,3,0.02724660512572189
196,0.11214603033036118,193.389,10,3,0.07671435490390717
898,0.07707555641861148,105.577,100,10,0.10705751460597815
388,0.15909302832253636,48.573,10,3,0.04255851656698292
661,0.12280456983094246,21.281,10,3,0.026022819141088196
784,0.15521923045539274,32.119,10,3,0.025587342748923072
229,0.10538666366900157,189.006,10,3,0.08210606061412251
556,0.11834932281996849,24.431,10,3,0.031795281749487814
82,0.10641407905561052,35.892,10,3,0.028198980904468433
649,0.10956101715535319,29.663,10,3,0.043674861127762685
28,0.1794838493203171,19.216,10,3,0.025398279266452748
292,0.08467168993227146,183.559,100,10,0.11015886745812493
79,0.14226229452483802,43.658,10,3,0.02581331281780826
766,0.07011695654428579,168.425,100,10,0.11432110334426751
427,0.17238857054200163,24.336,10,3,0.020300762806494694
958,0.06398274456471029,122.666,100,10,0.08385690710676266
835,0.05693969090288793,108.953,100,10,0.12103722399074923
127,0.04931890084198666,110.595,100,10,0.06615009355769275
754,0.11267457516990387,43.322,10,3,0.03801829381466107
793,0.10375719203064065,224.454,10,3,0.06815530158339403
814,0.1370736545292705,40.614,10,3,0.02084286566300487
541,0.14992981410577175,20.497,10,3,0.023327135891419385
214,0.07389293754907594,189.031,10,3,0.09199095606077119
655,0.10766065361979042,38.212,10,3,0.02318712844499032
505,0.050207478920006446,167.998,100,10,0.09059324198843437
472,0.09007971491772,198.198,10,3,0.0908274072276158
106,0.07698892054583006,204.518,10,3,0.0675069174488133
313,0.07015983042758762,189.45,100,10,0.10350765240711417
463,0.12235755477603596,40.16,10,3,0.03137730409206932
322,0.16896960107802605,31.048,10,3,0.035619890305524045
919,0.15454117636958092,19.917,10,3,0.019333593267655415
664,0.0959396923094143,192.669,10,3,0.09731269651344626
997,0.0961344151392477,208.29,10,3,0.07459165841019792
988,0.12052473456310411,28.488,10,3,0.04421438304920566
688,0.1318651733546271,211.595,10,3,0.07505451380943959
49,0.08894442974390675,210.97,10,3,0.0852671630833122
736,0.1799826541717042,23.363,10,3,0.03670770981267927
274,0.05250760840715362,152.844,100,10,0.08323633981122996
652,0.07964407945824327,148.771,100,10,0.10166336688185432
109,0.10625462696472368,33.45,10,3,0.030370209114754933
178,0.16797300673781723,41.659,10,3,0.03485997483260559
760,0.08522026687081655,200.069,10,3,0.0722008016085249
553,0.07800884587808572,198.148,10,3,0.07946809115762736
115,0.1165435324895042,206.142,10,3,0.09136310865812719
187,0.12580419677558602,208.935,10,3,0.09133456062552327
592,0.10212333562898082,208.733,10,3,0.08967321194811982
337,0.09832007184466139,193.334,10,3,0.0721830961766115
397,0.10087902762144836,199.213,10,3,0.09602068290510277
76,0.08664500782151706,205.788,10,3,0.07796247910984949
631,0.15307925295623676,47.682,10,3,0.04165938819040745
310,0.07629633028427059,191.32,10,3,0.08817553367031919
379,0.053105461730784446,115.5,100,10,0.10004998836584825
430,0.13530632506329798,33.397,10,3,0.04208085729888291
589,0.06626220645324868,126.244,100,10,0.0948093369219145
208,0.05406706952390604,121.764,100,10,0.08023962222137841
394,0.07441662405367505,203.388,10,3,0.08255384606767742
73,0.09957743898859195,30.765,10,3,0.026894098329587217
436,0.05748667995700156,100.754,100,10,0.06813327011345793
469,0.107854084209473,48.56,10,3,0.03577418681133211
823,0.0799541507364499,195.98,10,3,0.09657828894334973
847,0.1547714423473153,29.165,10,3,0.025412323393527066
181,0.127391048142581,26.084,10,3,0.023164885161262305
571,0.10614947497290239,201.57,10,3,0.09064393109196595
124,0.06387837840655296,99.517,100,10,0.12158574440006868
259,0.13632874085354857,187.835,10,3,0.06861882271772216
382,0.048986506598720565,168.645,100,10,0.09080716793433818
889,0.054349559381705825,148.333,100,10,0.11411711218034909
595,0.07737876842662526,208.66,10,3,0.07258019454053004
7,0.16227324989708608,43.07,10,3,0.0205856309880176
223,0.11700016453148138,21.121,10,3,0.0266230616701535
961,0.0606276273024394,117.932,100,10,0.11037798199067822
88,0.16403293188931195,40.519,10,3,0.031655675818709095
745,0.06561451961833127,168.587,100,10,0.1097096054044352
805,0.14354964170906614,21.833,10,3,0.040508290420007864
499,0.07121770555247357,169.076,100,10,0.07128176155720295
457,0.14819698301816947,28.27,10,3,0.041096465681937894
244,0.09078045660678413,191.284,10,3,0.06550812482047433
439,0.07056459269651565,109.424,100,10,0.10762842132100123
955,0.09235684272489116,202.71,10,3,0.09006927971173728
817,0.09860695084505129,218.071,10,3,0.06817807137256743
151,0.10513773042685919,196.551,10,3,0.08932634966755561
34,0.1252850561290102,208.599,10,3,0.06722501269694763
670,0.11939216454097486,207.543,10,3,0.07733999035800174
820,0.11086888483995037,22.997,10,3,0.024517520375048608
4,0.10428594220429631,206.859,10,3,0.07424107121579403
526,0.061836192233777905,124.804,100,10,0.08377883100277432
193,0.08894402869630846,198.217,10,3,0.0712723437096512
412,0.05746670024211838,193.829,100,10,0.06771349307382947
970,0.13696394310061258,19.547,10,3,0.042992459117706536
502,0.07282378631195009,219.959,10,3,0.07094910533605107
319,0.15392397096480828,24.165,10,3,0.034562745586516855
265,0.09739253139962266,35.882,10,3,0.028075983207308874
937,0.05985297615183104,116.03,100,10,0.11210885489115749
289,0.11912040500275921,44.606,10,3,0.022497703455079097
892,0.15642954771655226,43.125,10,3,0.023441570058640213
622,0.09001928663216094,200.425,10,3,0.08304413789229904
856,0.11972030344108577,19.466,10,3,0.04407958413060057
907,0.06590826393513528,191.187,100,10,0.06648669102290786
838,0.11348776022684312,196.851,10,3,0.07771430206933404
157,0.10488160505564297,43.833,10,3,0.03614173351447765
685,0.10313894054391036,28.136,10,3,0.0355520457239011
682,0.15730702606369865,25.981,10,3,0.04309063279175891
352,0.14807260369940892,47.166,10,3,0.039786003031881276
865,0.0774028671957081,221.216,10,3,0.08401509622043704
625,0.07572075112461091,184.167,100,10,0.06502409090256081
796,0.1779435068908623,46.334,10,3,0.03873281055865725
175,0.06988489520978354,122.178,99,10,0.09784976614523076
415,0.090339201115388,105.575,100,10,0.09881595761875468
910,0.08211920937678192,188.369,10,3,0.06740175634716399
202,0.09941945939840456,202.769,10,3,0.07527351246404858
730,0.11845017812768106,43.682,10,3,0.028588976559658627
913,0.12908388004988017,197.052,10,3,0.08196712640979727
316,0.10205160579619103,39.63,10,3,0.02739739107147588
418,0.10969500446664346,199.902,10,3,0.08558408303676182
868,0.04836121799742577,109.984,100,10,0.0688036736495736
238,0.0926995797812174,199.624,10,3,0.08964529277876038
241,0.05756092304056622,145.983,100,10,0.1107401809648448
406,0.15894397622198117,37.294,10,3,0.03252035778560899
400,0.13588977225629112,32.389,10,3,0.03065579149623288
256,0.14159475816205283,25.072,10,3,0.02373499429505852
103,0.049339647072133945,156.011,100,10,0.1172223658039255
481,0.098471267759447,36.109,10,3,0.044099917608358845
268,0.06566678048908618,198.461,100,10,0.08095091978213324
199,0.10501826114409665,19.635,10,3,0.03021894903317384
718,0.1764483808226587,24.68,10,3,0.04564154940616314
334,0.1563475136185199,40.915,10,3,0.020895950394533007
145,0.07495589314162947,113.02,100,10,0.09324598346233123
976,0.0777308801467559,200.525,10,3,0.06639680013928677
583,0.09615450105229083,197.38,10,3,0.0707443892350812
409,0.07535938577076638,205.405,10,3,0.07428941624478115
673,0.17330090199509052,38.551,10,3,0.0445843720311754
253,0.06431981240054717,144.928,100,10,0.06582921353761507
277,0.06272324192742076,164.948,100,10,0.1261032888175223
568,0.15334630387486942,28.122,10,3,0.02795237006507168
643,0.12033048768442528,27.292,10,3,0.03373350581468701
874,0.1795570328000822,20.038,10,3,0.03377630196822386
709,0.06062517948105436,129.729,99,10,0.08294009576874709
169,0.12414905093654509,199.889,10,3,0.09234167433411652
424,0.09411146522728409,194.963,10,3,0.0913330323993996
994,0.09867020655168801,39.478,10,3,0.03147458491524023
25,0.08096355627922981,159.35,100,10,0.07084849988729862
616,0.05128152897018214,172.262,100,10,0.13015187166580605
370,0.06299019439517625,106.375,100,10,0.08535725434396706
166,0.09148047425510754,165.864,100,10,0.12218243998393684
46,0.1659447302637553,22.449,10,3,0.019914662223753925
343,0.08415714804516387,118.76,100,10,0.11416442242793662
142,0.10791295740855426,46.488,10,3,0.03533763457042286
613,0.11474995983751406,21.478,10,3,0.023459085424809494
538,0.0735260140398945,141.454,100,10,0.09113108800887587
220,0.057277780409638754,191.343,100,10,0.09529574281959653
601,0.12098335269066976,215.39,10,3,0.07073545411516304
172,0.1622709641126494,28.546,10,3,0.03380327340328135
790,0.0983805804932488,186.12,10,3,0.09414365831691308
943,0.11409436174187862,34.306,10,3,0.02052872901708402
916,0.09120770978770835,204.014,10,3,0.06817675264343517
250,0.1213747101968074,33.335,10,3,0.02209550874796851
877,0.07796662606085371,184.182,100,10,0.11096309390296702
442,0.10082032033556364,221.804,10,3,0.08026562469712122
190,0.1218061311623646,39.485,10,3,0.019319302178309943
763,0.12088338556083217,190.369,10,3,0.06846438557068989
304,0.08861907662245375,204.0,10,3,0.07244496957496264
67,0.06837732812931216,152.652,100,10,0.12799602376303912
811,0.13981960358229475,22.185,10,3,0.02606844099618916
496,0.06594167760848219,125.698,100,10,0.12080785585658348
85,0.07796606884198135,169.205,100,10,0.10438839642403865
871,0.08553178227385887,200.081,10,3,0.09355794447333995
91,0.07726967599858983,185.065,100,10,0.12483050676348079
1000,0.06005930856721012,118.951,100,10,0.09835068297643361
328,0.09725329018348927,32.564,10,3,0.029282253561408393
391,0.09692567248074864,45.718,10,3,0.025195168337188763
271,0.17926831636674911,30.167,10,3,0.041673808109526
982,0.06362839883906451,145.144,100,10,0.10614858010932277
706,0.13688751629579338,205.881,10,3,0.07439455593937387
13,0.1262363491606247,198.091,10,3,0.06479304584086734
475,0.04991307499342464,148.617,100,10,0.07818794724487092
52,0.07478444940468462,193.773,10,3,0.0877192268852373
511,0.14155258413089367,32.473,10,3,0.04432117156088
619,0.0776286935489801,117.585,100,10,0.10001475170255382
325,0.08184310676433278,145.385,100,10,0.09005071484023273
298,0.14942592427716767,23.33,10,3,0.032224676854587964
16,0.0968764867849708,115.187,100,10,0.12020040350946576
55,0.13998726504741582,39.92,10,3,0.024252263933849588
802,0.04968416226585174,104.432,100,10,0.11382809927867911
757,0.058774641778762286,148.018,100,10,0.11694228868873459
946,0.1766794423898643,25.113,10,3,0.021253970906602485
691,0.17730380748845093,43.756,10,3,0.03852864596078566
883,0.07410131316789598,195.015,10,3,0.06725774191663347
121,0.09226039702596048,190.961,100,10,0.09481712114965123
286,0.04955355686484006,190.859,100,10,0.10047881032740592
349,0.1556496275001762,33.347,10,3,0.03918317556414274
376,0.10755440478981591,208.309,10,3,0.07068524505179313
925,0.1000333583463041,33.286,10,3,0.03116170703083936
607,0.104829311673268,200.15,10,3,0.09539373735667421
262,0.08201747963360742,224.672,10,3,0.08432947594319176
727,0.10381684804695636,211.759,10,3,0.06520786408806202
610,0.1411506344868052,29.327,10,3,0.02108857204636516
64,0.10079689041593067,44.228,10,3,0.03631210757441612
928,0.11741491495572479,33.877,10,3,0.03528319360186097
973,0.16175998457888147,40.993,10,3,0.04263506548852469
748,0.05106180723267096,100.398,100,10,0.0788792999508011
901,0.07972409704570732,107.055,100,10,0.07229803139572458
133,0.10986118581417438,19.691,10,3,0.02242596420395093
205,0.05768309365006479,188.984,100,10,0.09616344436451639
154,0.0496295738218887,106.555,100,10,0.10931985367493528
445,0.1129472800530162,35.246,10,3,0.025284239863754977
385,0.0980209969143807,48.415,10,3,0.026287443751612145
634,0.0811461487784208,201.246,10,3,0.09047715827582481
949,0.12597151154266462,196.37,10,3,0.09505556419764008
358,0.10189052203042903,42.227,10,3,0.03204710631386907
421,0.07351832995761669,125.668,100,10,0.11130463812266639
862,0.13386828587795563,208.667,10,3,0.06514725915736545
70,0.07131368423429754,107.458,100,10,0.090097389713275
364,0.08820781025029885,179.5,100,10,0.08557527013859487
508,0.0734876846888409,205.075,10,3,0.06856296824968394
523,0.12890057388504808,39.159,10,3,0.04108240012770563
640,0.10515223305006247,23.294,10,3,0.030646452221637015
10,0.08517377194355842,121.22,100,10,0.07156335484882025
148,0.06596203335296925,145.562,100,10,0.10394009422669781
43,0.13593031985253826,203.898,10,3,0.09077368799769309
853,0.13524450092572043,209.431,10,3,0.08613135084558893
61,0.05734128072865477,164.146,100,10,0.08449729880360655
940,0.09330907211061168,205.843,10,3,0.0843827585854283
562,0.09094880636954912,214.712,10,3,0.07945366885907035
301,0.0829940806201041,199.044,10,3,0.07686195325800199
694,0.10445886283035206,45.305,10,3,0.036362456157807345
280,0.10637512004136811,204.187,10,3,0.08507420276341097
724,0.08912265982617244,203.029,10,3,0.06971063947429323
922,0.10759328393755554,219.327,10,3,0.07785546980512896
232,0.07722681096067256,202.602,10,3,0.07702108627850743
97,0.06361098349648373,99.719,100,10,0.087638348587212
829,0.08870897941243237,106.389,100,10,0.11116134432614978
490,0.04834871348438233,116.879,100,10,0.11319819255229155
895,0.09670893451535828,39.282,10,3,0.04440783221521617
739,0.10185699447737034,33.25,10,3,0.03585493317401357
844,0.07284369755822867,197.498,10,3,0.07443653336005786
991,0.08072386434556407,109.081,100,10,0.08139503413714334
700,0.06605707303586518,140.388,100,10,0.07590525029011119
559,0.10839195343301027,216.862,10,3,0.07777426324334573
295,0.0795670755419761,165.488,100,10,0.10647529033906485
880,0.04825492271421206,181.057,100,10,0.10762996849971013
448,0.12948339631711456,37.418,10,3,0.019976035446441616
604,0.09517887911932041,195.972,10,3,0.06962319367245977
163,0.05318282593593464,186.761,100,10,0.06678319614886723
598,0.09069630957975991,201.168,10,3,0.07330930804903649
361,0.1753712725536286,27.109,10,3,0.021688354688332745
493,0.10741119332045593,207.412,10,3,0.07637863340477671
979,0.09288811800351697,206.079,10,3,0.08744081119357967
478,0.13587712933143734,204.655,10,3,0.06772167658287227
826,0.04938920473399643,155.331,100,10,0.07298805299109053
550,0.13693930013366798,190.638,10,3,0.07988792038560473
733,0.058454366685297646,152.743,100,10,0.10261545331429855
580,0.09966442158714761,210.968,10,3,0.07822990263195623
484,0.13038444759821888,36.793,10,3,0.03560587001666597
517,0.06893779685141932,199.252,100,10,0.10621797717593619
433,0.10796958766639407,34.78,10,3,0.02345638053844606
487,0.10299664445515419,45.616,10,3,0.036490146738030645
656,0.10566070630219887,204.466,10,3,0.06762067157035741
386,0.15477392098124945,31.422,10,3,0.04082946857177494
692,0.09912857037533036,214.831,10,3,0.06515605392705788
893,0.11851556294522038,27.722,10,3,0.03782222695049443
881,0.14237967656676723,195.882,10,3,0.0757860133570622
71,0.0909890394855783,191.726,10,3,0.06458062993288737
320,0.1402539160792641,208.986,10,3,0.08109641781682737
752,0.11110079828238166,222.512,10,3,0.0911759171727894
641,0.053256785580192735,99.965,100,10,0.11697175498641198
860,0.09014787632262272,212.339,10,3,0.07706185497535632
635,0.07318017670979893,210.8,10,3,0.07452045348394203
428,0.1429720027061423,33.258,10,3,0.03853720569677076
986,0.06888825549965082,151.622,100,10,0.1010572168092623
170,0.08867043667911727,205.554,10,3,0.09296265082112132
311,0.08152512216454634,200.047,10,3,0.06625462426586749
11,0.05509329054013003,162.238,100,10,0.07327354194287072
14,0.10142958663005903,216.301,10,3,0.08722915390815451
518,0.05430408522845163,168.966,100,10,0.0976810395968164
473,0.0928240259520506,197.373,10,3,0.09034777960725587
464,0.06282584636122514,101.027,100,10,0.12114115557134675
530,0.06571104853249203,126.307,100,10,0.11941857949268046
155,0.07268250691051648,196.528,10,3,0.0821000904465608
302,0.1014109288445288,32.222,10,3,0.0362736901165376
146,0.14449731641390173,29.688,10,3,0.02564883512293916
140,0.08042122852362261,155.65,100,10,0.07344454592086036
185,0.05065595058793442,103.79,100,10,0.0823293951440328
212,0.10210078751613672,225.113,10,3,0.07432887315476729
215,0.12190649568603389,216.097,10,3,0.07940609750289557
956,0.09888032452522509,31.416,10,3,0.03150409003866545
623,0.06251079559269372,182.597,100,10,0.0994630822485871
17,0.10978860737344862,204.743,10,3,0.07743539434445382
443,0.09413907754294654,194.663,10,3,0.06693056612020476
659,0.1323802932811853,193.41,10,3,0.08866138649560773
38,0.06238541553755563,135.553,100,10,0.08230340066501636
605,0.05675829715648814,197.246,100,10,0.11310307040271518
203,0.12205307511875171,45.272,10,3,0.02435562076832098
728,0.059558069200189724,98.309,100,10,0.09871045299828103
755,0.11858110787199862,39.491,10,3,0.04123297456071431
926,0.11296487694477077,218.409,10,3,0.0822111729634464
452,0.0986526649304711,198.209,10,3,0.08221276572160834
977,0.14512439478592237,44.631,10,3,0.04153114469704544
644,0.1366159878275155,26.818,10,3,0.033226434833520446
299,0.058455989764031435,141.081,100,10,0.07811158001906733
482,0.07313380805300738,188.124,100,10,0.10329490146193084
512,0.07536764494218726,179.667,100,10,0.0894417065875345
539,0.06911955321120804,147.477,100,10,0.09321854483313743
332,0.09908042357981973,191.042,10,3,0.09106005960973464
509,0.08219755623240423,206.243,10,3,0.07376834597601233
77,0.1497344085927586,48.204,10,3,0.03487858509526413
719,0.10283837485373205,21.473,10,3,0.026785359866938297
992,0.084391716812342,143.066,100,10,0.1267955622615042
533,0.11993408622511212,197.173,10,3,0.08060192004988005
632,0.12709972721221047,217.18,10,3,0.07189564214968663
131,0.08701168168081433,213.256,10,3,0.08318474678793378
59,0.054567748777966635,164.099,100,10,0.10059074849449558
347,0.129882640211016,200.782,10,3,0.07693824886450619
974,0.055848133411882696,130.213,100,10,0.07830762672271727
350,0.13493969039212536,39.659,10,3,0.027689150829891745
548,0.17056102495805264,42.831,10,3,0.02199275607324364
194,0.07236232539950788,196.961,100,10,0.0842438261104002
677,0.08022715427319631,136.793,100,10,0.11402506999809602
293,0.08037182686167105,198.78,10,3,0.09639765786187275
758,0.11199041735328848,36.891,10,3,0.036367315355268985
812,0.07369064014240306,147.319,100,10,0.09317708347048251
815,0.15408857996030936,47.607,10,3,0.03257734371818979
842,0.12368247033746504,21.127,10,3,0.030119122892691426
113,0.055125654143406866,130.397,100,10,0.09541074371099907
851,0.0516365801709723,112.377,100,10,0.09357482381447839
515,0.17952862515358112,23.492,10,3,0.02149958961270683
626,0.05308382363371454,170.327,100,10,0.10561729072410335
731,0.10183959796555601,222.225,10,3,0.08235092993143767
434,0.09746966053753976,44.249,10,3,0.021256876051150286
590,0.0635859143952549,109.332,100,10,0.09479739801413808
809,0.04946577818342769,197.756,100,10,0.11430387646754692
599,0.051227394133609584,151.332,100,10,0.09403000062500744
944,0.08681497034937177,194.792,10,3,0.07079811001465844
701,0.07782324492774842,192.65,100,10,0.10083662831846955
929,0.11737217395925523,213.282,10,3,0.07442857606541406
722,0.11593095860572412,46.636,10,3,0.020276095517041015
878,0.051804900729218735,169.009,100,10,0.07936790903464072
254,0.06355912846134075,118.502,100,10,0.07486436952655685
296,0.08065480951350364,96.856,100,10,0.06698992119288638
137,0.10290066984048538,214.416,10,3,0.08419555202665999
338,0.07204069218498069,212.58,10,3,0.0903944671426548
413,0.13223201208453667,45.172,10,3,0.031229912658702407
524,0.06028737484403782,164.535,100,10,0.07634775527737864
698,0.10785056226093126,28.135,10,3,0.042331190349617104
953,0.07973624137312009,190.534,10,3,0.07982124890491293
962,0.07859360670482059,213.328,10,3,0.07190797389182664
848,0.10728329129045186,207.512,10,3,0.07372228672564714
419,0.05191249413686232,195.547,100,10,0.07787105800371569
476,0.12425208227938374,24.184,10,3,0.03351097182243915
950,0.04810414226105236,160.766,100,10,0.10349954736550217
647,0.1482509629363327,34.771,10,3,0.04101307734234553
29,0.14647285730807505,29.01,10,3,0.019439330184868934
98,0.1353397323337241,196.395,10,3,0.08301397834373672
263,0.1535158814844602,27.763,10,3,0.03653018875639637
866,0.1070242863375323,202.276,10,3,0.08210163666837111
551,0.07284378599507393,188.141,10,3,0.06552406122958707
884,0.10987095122683506,40.105,10,3,0.04264552401092911
191,0.14761158308092437,27.677,10,3,0.037398366080581565
92,0.05055103258382651,139.079,100,10,0.07579333562681054
161,0.08031529106094157,223.267,10,3,0.0699974027825501
275,0.1009984255467662,42.634,10,3,0.03497293576693793
110,0.0708905906131406,173.794,100,10,0.08154795911083375
761,0.09964857959599836,219.766,10,3,0.07748383141382312
149,0.12658953378832893,29.843,10,3,0.03079891999189807
266,0.08543473613808057,194.903,10,3,0.08161613996779608
581,0.09806332425543889,34.55,10,3,0.028686094105605832
344,0.16700305024112805,48.797,10,3,0.040845374506526
896,0.08802503725476317,193.036,10,3,0.07863153384781253
827,0.07742039959786554,211.361,10,3,0.07759078364514879
83,0.17366456472243155,40.645,10,3,0.031217963969073535
251,0.07633400431276523,138.683,100,10,0.07732747407459971
248,0.1013739121840038,30.226,10,3,0.02388579161016331
218,0.06859366925209226,133.218,100,10,0.06907091348952878
494,0.049607048445037785,165.519,100,10,0.11167624871067801
506,0.0821723117998698,211.983,10,3,0.09377290906545072
167,0.12921932503721337,34.456,10,3,0.04426667336073607
854,0.1288776741446147,24.55,10,3,0.029932894799596203
824,0.11357593679246726,226.523,10,3,0.08297218013398552
122,0.17171027849380036,38.494,10,3,0.04218088976892357
467,0.08468977136937597,198.223,10,3,0.07926174043074974
404,0.10290767052336983,218.94,10,3,0.08599952190046235
56,0.0623009371488677,127.913,100,10,0.11154434056948316
782,0.12524638311929248,26.245,10,3,0.03429075292650383
836,0.04832730310391165,190.96,100,10,0.06901111973223796
470,0.0903463540415124,198.021,10,3,0.08949526804450939
326,0.13094168348448915,32.693,10,3,0.0394446650231197
566,0.08380973444245429,214.059,10,3,0.07538810731681915
704,0.12403674485202287,27.513,10,3,0.02812330827761127
920,0.05929288540138751,165.901,100,10,0.06684851548910929
401,0.11772544627345823,45.922,10,3,0.03814112744631944
779,0.06501285990487174,108.432,100,10,0.10837381790716362
863,0.10081180102942851,190.837,10,3,0.07563753790813385
95,0.07397147670132213,117.066,100,10,0.07497898169013441
182,0.09226512614661043,207.277,10,3,0.0866408974170823
329,0.054671173393726756,127.519,100,10,0.0861047560996617
740,0.1223374922700121,23.388,10,3,0.04480115774196351
902,0.07991640300265905,108.629,100,10,0.10954316482238911
32,0.10585244962415764,199.191,10,3,0.08914478559174858
371,0.08241970989521306,185.354,10,3,0.08278695072866005
665,0.07919993109605995,165.948,100,10,0.06770309941816494
968,0.07937049059175827,217.309,10,3,0.0768000442144721
227,0.0718334003861544,204.633,10,3,0.06573168834245689
959,0.11486238728230885,194.552,10,3,0.06650703401215496
869,0.05631064392394466,181.028,100,10,0.08032071759623619
479,0.11174682639013052,34.598,10,3,0.04471040818291206
317,0.06086199863026691,108.871,100,10,0.11535391281647615
164,0.0803039997135824,201.006,10,3,0.08512547056482618
206,0.09894607995214308,34.033,10,3,0.0443034225787746
221,0.08562571406791238,212.952,10,3,0.08227256856522112
143,0.07169350310487635,210.585,10,3,0.08373323062355639
794,0.08358492977646952,187.786,10,3,0.08085071270775324
8,0.08329934835613942,197.943,10,3,0.06866342788381768
389,0.08901856475986222,206.315,10,3,0.09405434551314408
44,0.05295150980198636,105.494,100,10,0.09403599515083304
806,0.12519936259613398,25.954,10,3,0.030148264989920754
461,0.11824169670265786,213.12,10,3,0.09501592543523531
575,0.0712522045506309,195.098,100,10,0.12693182687929253
917,0.137149453378472,195.998,10,3,0.09080627559142442
695,0.07114874440500356,98.854,100,10,0.0999711171279017
536,0.05839863402350651,165.567,100,10,0.07797679027077802
734,0.08180930829718526,191.613,10,3,0.06757678099911836
602,0.11603538982693563,211.861,10,3,0.08450728028433738
101,0.10220694606922733,189.379,10,3,0.06708972515972424
440,0.07847087297429349,198.386,10,3,0.0741109511625954
491,0.13451883034756024,18.827,10,3,0.02839429486883835
593,0.0797607266822562,195.356,10,3,0.08461379926031073
134,0.055478042542027026,149.366,100,10,0.09548261453710198
767,0.07389482211284078,182.59,100,10,0.10316945872061109
650,0.10270806943065494,19.521,10,3,0.03783236043710602
80,0.05919229888460745,142.701,100,10,0.11435173585942196
353,0.17946096655433325,22.148,10,3,0.02409890383414061
707,0.10812701410028826,190.102,10,3,0.0715838672173252
125,0.09205997426028692,195.485,10,3,0.06839649820594831
359,0.08100951355474809,169.783,100,10,0.07101247872387448
65,0.1484097891096897,45.347,10,3,0.042057545761300455
437,0.13249519083862002,199.752,10,3,0.0763284901187474
35,0.10529383011059874,40.267,10,3,0.03721911249731612
104,0.0536914633481564,107.362,100,10,0.07951774631130437
383,0.10137867250401308,194.336,10,3,0.09372596366640835
152,0.06962843799478802,194.491,100,10,0.0922169539409299
368,0.048321463367196615,156.273,100,10,0.08901772743320126
272,0.07698319125479501,203.364,10,3,0.08334480846947354
497,0.1716133008888854,44.001,10,3,0.03166717413980365
527,0.08408463047987273,113.303,100,10,0.07571159448184124
449,0.1265651783861481,28.052,10,3,0.02386326577732774
743,0.09318962457783159,207.826,10,3,0.08785052120437
683,0.07994093253318381,100.67,100,10,0.10618835463638156
791,0.06577825820268583,152.88,100,10,0.12497247610910957
611,0.1277801386538735,39.831,10,3,0.021583280920937448
236,0.10923925931533991,35.255,10,3,0.03379712467157507
74,0.13218361736441106,25.648,10,3,0.030638602453019793
941,0.10574925661577263,219.117,10,3,0.08993210316013618
89,0.10896679426123351,30.316,10,3,0.03989636869436355
341,0.17598247410094037,26.712,10,3,0.04430707044587534
887,0.08089614047884448,191.941,100,10,0.06554372134226491
20,0.07622836047565862,140.995,100,10,0.06942629966757549
278,0.0943404879237624,209.27,10,3,0.06624794329776895
725,0.05324621660671845,169.118,100,10,0.08113228613506243
458,0.08899698176624893,205.365,10,3,0.09367319517221227
773,0.08321653161124426,101.74,100,10,0.08422931772536739
764,0.13912636180795868,24.153,10,3,0.04091038698687701
269,0.07917316386024376,96.32,100,10,0.1153007950228569
224,0.118387152626197,28.348,10,3,0.02760197012266463
713,0.07407534295726362,192.517,10,3,0.07758412583109982
41,0.08819539542864892,190.948,10,3,0.08569738454040536
668,0.10490578804572319,39.33,10,3,0.026892196163643856
980,0.14876434168317967,20.735,10,3,0.028212097525730433
905,0.05571993797132683,127.378,100,10,0.07757906817877086
998,0.09946111415787517,23.429,10,3,0.044174964906262
614,0.0994074213162647,217.273,10,3,0.0732032322967193
971,0.13431562829493027,29.522,10,3,0.024997578358560254
53,0.062289354381655955,100.586,100,10,0.1259406625639889
395,0.10038794363105423,48.221,10,3,0.02062736545851124
200,0.12327768658463108,199.459,10,3,0.08429638236649373
890,0.11908893983800431,208.587,10,3,0.09010421358467546
737,0.10130263225744544,209.297,10,3,0.08033613196998714
578,0.11254754254394805,211.375,10,3,0.07781453405678487
545,0.13044565307978565,202.188,10,3,0.09109933645562043
617,0.10651402811940755,20.429,10,3,0.02082246339323618
584,0.05251943957819012,108.285,100,10,0.07685892534457378
608,0.10900411043902844,210.093,10,3,0.07009580191404217
845,0.11407691731213869,34.706,10,3,0.03931696619248283
947,0.1735890734357726,29.137,10,3,0.028505575120950928
503,0.14358188953766632,28.044,10,3,0.02391864247601367
62,0.05397819078674,176.144,100,10,0.07921344478427322
572,0.07379227413337892,194.649,10,3,0.07306122207334027
908,0.08107790826879241,136.323,100,10,0.09004556765339486
833,0.09959975423760642,39.541,10,3,0.0336116983326753
23,0.06450563241680386,139.041,100,10,0.07716399165508782
284,0.14247544153782452,26.165,10,3,0.034246512707812586
710,0.05601306037857827,102.978,100,10,0.09031637266529038
797,0.11617158478533024,192.838,10,3,0.08421424517930168
620,0.05848098563853195,110.688,100,10,0.12576460062296502
674,0.0622935283166913,143.821,100,10,0.09434089854870159
425,0.09709306727855077,211.384,10,3,0.08953405129623962
914,0.06828921525969939,101.351,100,10,0.08818744878856541
86,0.05256718798471784,141.132,100,10,0.11147086202791685
662,0.14599808600564748,30.58,10,3,0.027386268309406363
935,0.10746480378419396,20.687,10,3,0.04329525508188005
872,0.07789825319658727,193.332,10,3,0.06329288072416207
431,0.06840187660548468,139.142,100,10,0.09072426934379611
308,0.05204814887505516,194.865,100,10,0.1301490351738285
176,0.07533976271009264,216.186,10,3,0.08292180008740622
785,0.09030388952021481,114.259,100,10,0.0992500320359132
26,0.11586412388900184,195.672,10,3,0.07554766852117929
197,0.08488326841138723,197.328,10,3,0.09525289471318837
239,0.05564553515876193,190.739,100,10,0.10964801897532234
5,0.10340762596772303,35.133,10,3,0.032853394648516554
2,0.08524243837415676,195.145,10,3,0.07810341389375014
119,0.10056754315238044,33.084,10,3,0.03440140154815861
287,0.11656724047700286,41.284,10,3,0.02996058319602628
230,0.08094316322846529,170.252,100,10,0.08568114227165384
554,0.14958592745456484,31.821,10,3,0.028183056712523125
455,0.10519645657424524,207.121,10,3,0.07518486133064031
398,0.07635569132257336,133.386,100,10,0.11931614834800393
800,0.062281967160362266,183.148,100,10,0.1039795135382903
323,0.10153242035945015,42.137,10,3,0.041545453576823765
407,0.057866347222998014,144.194,100,10,0.06640415314123373
557,0.11930777628201177,217.206,10,3,0.08765577067975033
158,0.08195026142702494,124.85,100,10,0.07767897279704955
875,0.07351162318309515,188.539,10,3,0.08966469786503853
638,0.13488300164135753,22.914,10,3,0.02644664117164552
107,0.08594429413145502,195.003,10,3,0.08841477206322776
653,0.15175141684712615,33.491,10,3,0.02238408784486354
50,0.07886209877675027,102.03,100,10,0.0953230020114497
686,0.16316688799952864,46.346,10,3,0.03490123068701434
179,0.15794305494773073,24.957,10,3,0.03056947477295749
923,0.11365399650861237,26.653,10,3,0.034348936008570315
188,0.06406450868928286,112.41,100,10,0.10749583044246412
770,0.05045514040474273,127.174,100,10,0.08574453167136134
983,0.06369892772586955,190.094,100,10,0.08457285319942213
416,0.11422437760802413,196.193,10,3,0.08711022868057472
563,0.08685039223808394,199.091,10,3,0.07625829329224576
746,0.06318675833719657,139.261,100,10,0.08506300404962053
362,0.07900989192873352,195.788,10,3,0.09527609364910515
380,0.05762646207138318,115.255,100,10,0.12514396158165786
305,0.17296840203622246,20.614,10,3,0.021725314312420425
242,0.052858844932925426,116.284,100,10,0.06821975435759745
911,0.10673333151491361,25.708,10,3,0.025949009900774735
938,0.15435254893940506,34.883,10,3,0.040806950182765
290,0.05283065163967265,109.583,99,10,0.12531067614430336
173,0.06319008565108936,113.78,100,10,0.10643283437428208
569,0.15796920061331543,30.267,10,3,0.04230754805607243
629,0.07428574641724746,196.939,10,3,0.06823977295926573
680,0.0618476867569285,199.554,100,10,0.11123110828449914
422,0.08690559065475215,216.026,10,3,0.09231788519248867
596,0.06507131974803843,117.15,100,10,0.09333125208976449
689,0.07600013004466696,196.6,10,3,0.06622617060634356
671,0.07280111806339319,220.532,10,3,0.08498907178196496
716,0.1269429097183789,218.266,10,3,0.08949195607445477
788,0.11720159700198315,37.493,10,3,0.03853235762203348
500,0.08748538568782833,159.759,100,10,0.06786260893969688
830,0.16407786360594603,31.715,10,3,0.029248814580230403
818,0.06699264792907116,157.309,100,10,0.09768555432685572
821,0.0542260650761735,147.848,100,10,0.09654704628187767
47,0.05254765442779491,154.307,100,10,0.10778567709290961
857,0.08569175082409876,210.485,10,3,0.0919731558469607
410,0.09384450434851972,198.356,10,3,0.06447884774003892
485,0.07499591819091096,212.129,10,3,0.0754113325059646
839,0.09243441040390371,200.175,10,3,0.07847739002406193
587,0.11400930505944794,209.064,10,3,0.08300795656955991
374,0.13021996684454956,28.503,10,3,0.043422846981471745
281,0.09196692537260814,148.234,100,10,0.10082813962939305
116,0.08909280692518388,111.53,100,10,0.08812249389757833
899,0.10730529212561724,191.914,10,3,0.08255556736543829
128,0.08345250911849057,214.445,10,3,0.08105035905664876
965,0.11400771642227318,191.237,10,3,0.0678385804227059
260,0.09195980717816542,116.472,100,10,0.08270524821780315
803,0.07879360856889248,202.264,10,3,0.09432665614610551
995,0.09486491598295303,220.876,10,3,0.09267383916791305
446,0.14049919559332077,198.323,10,3,0.07246390871752627
521,0.05962141889536913,194.129,100,10,0.07587734942052557
989,0.05386163417469819,184.693,100,10,0.08190141996459566
233,0.11077103718922185,23.884,10,3,0.03783887835526663
245,0.07273001663244567,209.846,10,3,0.09395904140088582
560,0.09392295030771507,199.207,10,3,0.06363328137828912
314,0.09196854650162826,141.171,100,10,0.07458006471300628
257,0.13579057698264851,196.586,10,3,0.0946019219229299
335,0.1346141369897026,193.063,10,3,0.09411069126409104
392,0.07392708315097558,117.358,100,10,0.09744171366165488
377,0.08516698140006355,202.224,10,3,0.08341046714540899
488,0.14018808958096807,178.063,10,3,0.06953142188931599
542,0.08287201723323598,128.386,100,10,0.12141246355484199
749,0.07567056734428258,209.746,10,3,0.07960840888052212
776,0.062100615417098784,143.378,100,10,0.0812803826541499
209,0.17376565746227565,22.386,10,3,0.03203086234089718
932,0.049786846605550085,139.017,100,10,0.12039243943418951
365,0.05213311510314808,139.34,100,10,0.11174437203928286
68,0.10986782442938543,198.629,10,3,0.08866282254709634
356,0.12173595471422484,195.256,10,3,0.08488774128672308
